132, 501, 955, 181, 744, 417, 801, 335, 552, 316, 557, 562, 842, 989, 535, 356, 954, 218, 137, 262, 
872, 725, 935, 328, 712, 980, 845, 276, 945, 578, 167, 585, 295, 793, 902, 648, 138, 761, 479, 215, 
226, 471, 472, 257, 557, 422, 774, 849, 727, 721, 312, 303, 688, 868, 921, 839, 583, 260, 784, 645, 
265, 653, 341, 388, 341, 156, 736, 289, 525, 629, 992, 667, 506, 621, 800, 308, 396, 289, 133, 428, 
719, 765, 879, 798, 213, 519, 711, 918, 364, 487, 684, 672, 356, 919, 468, 273, 345, 180, 529, 467, 
946, 694, 112, 508, 577, 364, 347, 735, 674, 919, 921, 549, 202, 355, 222, 165, 620, 308, 795, 274, 
217, 222, 383, 319, 291, 779, 564, 972, 740, 754, 947, 219, 572, 271, 151, 500, 477, 454, 512, 864, 
447, 219, 495, 156, 726, 531, 385, 226, 184, 773, 642, 234, 786, 821, 144, 777, 705, 982, 153, 542, 
637, 593, 177, 587, 548, 594, 433, 737, 229, 515, 954, 724, 868, 346, 381, 714, 234, 588, 568, 144, 
913, 770, 497, 882, 535, 871, 986, 582, 771, 224, 802, 825, 200, 350, 803, 985, 881, 473, 689, 230, 
338, 965, 291, 756, 560, 136, 920, 846, 579, 327, 602, 151, 284, 501, 682, 158, 249, 122, 227, 238, 
160, 712, 357, 255, 646, 733, 233, 500, 116, 433, 897, 143, 396, 718, 101, 463, 612, 137, 160, 428, 
540, 872, 341, 320, 608, 648, 990, 322, 292, 787, 805, 990, 680, 639, 137, 519, 806, 253, 966, 188, 
364, 213, 907, 969, 309, 586, 553, 661, 483, 112, 525, 956, 638, 782, 267, 726, 198, 171, 597, 959, 
115, 477, 853, 320, 672, 605, 437, 957, 401, 548, 900, 781, 638, 898, 613, 114, 507, 415, 812, 534, 
830, 270, 551, 186, 651, 310, 886, 752, 197, 316, 151, 203, 386, 534, 200, 382, 612, 261, 162, 770, 
531, 688, 485, 111, 449, 988, 517, 248, 630, 307, 264, 907, 680, 771, 246, 359, 507, 376, 264, 320, 
122, 969, 708, 552, 126, 927, 328, 303, 943, 236, 629, 777, 646, 537, 603, 187, 381, 326, 469, 422, 
509, 666, 526, 275, 626, 215, 762, 506, 816, 891, 295, 622, 888, 499, 171, 885, 102, 492, 982, 116, 
809, 742, 492, 717, 188, 260, 556, 688, 415, 510, 519, 980, 620, 726, 206, 737, 531, 753, 263, 747, 
177, 268, 761, 356, 476, 457, 250, 474, 539, 860, 534, 387, 590, 634, 820, 356, 877, 117, 445, 562, 
334, 141, 636, 286, 364, 181, 836, 267, 923, 481, 552, 654, 567, 983, 443, 192, 637, 141, 564, 744, 
708, 692, 648, 994, 800, 317, 390, 178, 452, 464, 227, 601, 423, 642, 460, 329, 153, 828, 244, 645, 
867, 313, 611, 191, 889, 371, 310, 636, 923, 556, 608, 441, 198, 748, 512, 383, 484, 475, 184, 157, 
569, 320, 284, 129, 401, 111, 775, 748, 753, 754, 982, 217, 294, 171, 563, 943, 520, 406, 324, 238, 
487, 497, 288, 671, 752, 615, 274, 608, 992, 640, 899, 991, 705, 970, 693, 683, 121, 897, 605, 675, 
715, 680, 262, 773, 169, 792, 407, 916, 998, 250, 510, 249, 248, 466, 119, 189, 994, 346, 878, 493, 
407, 255, 939, 126, 651, 562, 690, 529, 302, 760, 322, 494, 372, 726, 388, 339, 727, 163, 553, 272, 
739, 431, 748, 494, 195, 880, 288, 475, 437, 457, 423, 132, 914, 313, 384, 272, 352, 939, 635, 149, 
200, 439, 502, 613, 378, 904, 123, 549, 169, 482, 383, 830, 846, 878, 446, 799, 283, 103, 532, 866, 
504, 127, 671, 527, 697, 817, 990, 356, 435, 443, 252, 722, 840, 955, 901, 728, 269, 625, 461, 339, 
262, 459, 262, 426, 939, 879, 872, 302, 437, 746, 792, 884, 112, 965, 741, 552, 442, 620, 256, 395, 
413, 943, 185, 937, 677, 212, 783, 192, 264, 298, 613, 651, 778, 886, 391, 889, 955, 554, 654, 106, 
712, 466, 186, 775, 620, 379, 876, 685, 604, 654, 224, 959, 481, 810, 973, 916, 836, 321, 720, 508, 
203, 427, 258, 798, 354, 136, 884, 101, 285, 118, 607, 991, 969, 471, 575, 806, 145, 904, 686, 709, 
536, 699, 845, 110, 987, 674, 886, 625, 444, 647, 627, 340, 611, 547, 162, 137, 129, 461, 630, 800, 
234, 620, 749, 673, 299, 408, 831, 533, 350, 510, 165, 249, 628, 446, 146, 963, 632, 732, 747, 767, 
562, 262, 298, 504, 691, 291, 287, 155, 844, 629, 193, 713, 293, 504, 215, 841, 298, 246, 766, 600, 
719, 122, 638, 527, 172, 768, 697, 154, 232, 907, 539, 250, 949, 889, 668, 572, 372, 287, 986, 584, 
670, 383, 749, 988, 639, 641, 368, 689, 895, 929, 436, 940, 153, 439, 790, 481, 391, 485, 644, 111, 
385, 156, 308, 318, 802, 197, 912, 305, 429, 194, 872, 260, 652, 852, 282, 262, 495, 404, 834, 115, 
185, 449, 141, 975, 404, 615, 427, 278, 677, 496, 509, 915, 946, 231, 156, 991, 552, 102, 451, 918, 
155, 301, 251, 888, 165, 908, 784, 793, 341, 161, 927, 490, 733, 677, 221, 647, 838, 639, 686, 130, 
759, 182, 154, 132, 116, 116, 413, 494, 395, 100, 750, 215, 261, 828, 720, 614, 885, 970, 891, 695, 
238, 907, 393, 490, 570, 902, 728, 123, 814, 963, 595, 417, 128, 103, 425, 592, 549, 322, 933, 286, 
864, 866, 611, 156, 711, 658, 539, 824, 693, 308, 383, 271, 233, 707, 630, 964, 928, 487, 854, 823, 
165, 334, 674, 827, 249, 199, 200, 606, 753, 394, 734, 235, 494, 657, 351, 189, 886, 204, 156, 205, 
833, 431, 879, 545, 323, 217, 399, 430, 676, 181, 771, 756, 517, 297, 971, 317, 385, 157, 240, 474, 
247, 504, 486, 581, 450, 176, 326, 319, 482, 710, 283, 886, 920, 638, 113, 397, 655, 393, 524, 114, 
982, 644, 854, 284, 210, 896, 326, 586, 832, 478, 649, 725, 707, 755, 758, 300, 103, 572, 973, 900, 
981, 816, 220, 333, 334, 667, 356, 328, 630, 486, 582, 547, 281, 648, 661, 697, 599, 798, 135, 802, 
423, 877, 303, 765, 690, 816, 910, 745, 554, 777, 598, 350, 586, 157, 431, 684, 592, 907, 891, 329, 
863, 745, 247, 629, 209, 880, 522, 566, 328, 444, 258, 505, 126, 247, 490, 600, 171, 451, 526, 899, 
742, 535, 454, 136, 346, 470, 336, 149, 477, 225, 511, 375, 691, 817, 116, 368, 939, 141, 279, 655, 
158, 330, 247, 343, 672, 132, 574, 749, 547, 419, 518, 526, 271, 401, 237, 482, 363, 518, 682, 178, 
173, 839, 217, 304, 296, 244, 681, 145, 442, 579, 546, 485, 633, 187, 410, 233, 797, 352, 695, 160, 
993, 145, 958, 254, 882, 148, 950, 901, 725, 963, 111, 790, 201, 906, 187, 836, 221, 132, 326, 343, 
259, 121, 916, 826, 647, 540, 418, 298, 638, 842, 501, 998, 838, 417, 710, 223, 314, 360, 243, 928, 
567, 595, 554, 946, 313, 137, 275, 381, 748, 949, 194, 818, 465, 208, 326, 308, 846, 945, 333, 666, 
298, 919, 784, 417, 297, 155, 662, 741, 776, 468, 303, 818, 813, 102, 402, 508, 964, 522, 943, 241, 
185, 232, 223, 530, 900, 228, 818, 282, 798, 357, 477, 937, 749, 342, 411, 795, 966, 338, 329, 689, 
311, 349, 698, 649, 536, 638, 277, 614, 574, 694, 364, 103, 389, 441, 940, 815, 309, 584, 181, 120, 
714, 326, 664, 551, 764, 625, 828, 931, 462, 979, 189, 218, 328, 731, 667, 725, 227, 749, 285, 971, 
968, 505, 554, 375, 299, 572, 232, 109, 103, 489, 211, 650, 795, 897, 968, 753, 351, 654, 285, 345, 
317, 753, 409, 588, 974, 249, 432, 596, 327, 715, 799, 759, 337, 250, 869, 589, 643, 248, 549, 125, 
559, 907, 248, 189, 492, 949, 790, 621, 549, 497, 348, 913, 250, 233, 848, 527, 526, 724, 783, 207, 
527, 178, 616, 962, 606, 138, 377, 833, 462, 622, 798, 778, 692, 913, 572, 839, 473, 556, 655, 181, 
566, 708, 819, 200, 461, 455, 528, 404, 499, 288, 794, 427, 508, 344, 922, 441, 966, 493, 354, 116, 
584, 814, 642, 720, 347, 928, 643, 230, 291, 423, 981, 524, 683, 481, 848, 292, 402, 751, 859, 425, 
373, 421, 107, 675, 429, 349, 102, 554, 413, 118, 888, 700, 188, 204, 910, 447, 275, 424, 329, 677, 
181, 450, 613, 414, 575, 561, 725, 931, 415, 384, 983, 436, 497, 714, 247, 927, 602, 695, 528, 703, 
776, 430, 838, 907, 570, 435, 487, 419, 257, 381, 438, 348, 368, 100, 255, 256, 255, 703, 415, 612, 
417, 515, 262, 488, 122, 508, 978, 448, 592, 708, 500, 495, 783, 261, 946, 308, 643, 752, 647, 445, 
244, 830, 957, 504, 655, 406, 671, 457, 602, 780, 330, 923, 850, 232, 821, 801, 597, 322, 509, 856, 
646, 917, 914, 975, 764, 687, 355, 136, 206, 822, 599, 828, 320, 816, 484, 791, 834, 656, 517, 364, 
665, 208, 923, 369, 669, 190, 344, 740, 577, 589, 154, 729, 265, 145, 886, 489, 818, 731, 824, 705, 
808, 818, 635, 852, 538, 358, 353, 679, 278, 273, 309, 599, 891, 318, 884, 912, 619, 938, 339, 367, 
979, 425, 942, 262, 164, 546, 164, 663, 310, 966, 187, 925, 916, 272, 247, 665, 385, 166, 182, 927, 
147, 210, 255, 150, 264, 556, 622, 738, 656, 992, 410, 856, 926, 454, 873, 575, 312, 437, 316, 587, 
174, 443, 650, 791, 214, 244, 583, 295, 750, 818, 525, 847, 484, 615, 786, 379, 969, 111, 381, 386, 
190, 395, 385, 682, 370, 719, 727, 808, 992, 733, 310, 995, 246, 827, 167, 651, 707, 661, 683, 103, 
688, 514, 752, 308, 749, 135, 268, 323, 289, 258, 484, 216, 751, 188, 152, 493, 704, 605, 792, 125, 
677, 844, 197, 658, 493, 462, 164, 345, 378, 812, 383, 655, 288, 232, 801, 632, 923, 379, 684, 455, 
345, 379, 765, 612, 951, 443, 723, 245, 383, 716, 863, 375, 486, 279, 499, 317, 319, 508, 678, 801, 
636, 284, 275, 193, 709, 162, 161, 265, 933, 187, 845, 718, 156, 507, 399, 347, 985, 427, 838, 595, 
900, 299, 450, 933, 791, 442, 854, 386, 161, 604, 558, 968, 833, 195, 479, 928, 544, 776, 693, 210, 
695, 662, 893, 364, 879, 422, 402, 180, 302, 405, 565, 441, 114, 847, 900, 259, 317, 336, 800, 387, 
627, 467, 490, 185, 143, 323, 807, 209, 684, 660, 531, 187, 974, 306, 290, 982, 569, 715, 601, 527, 
300, 941, 359, 285, 518, 572, 204, 969, 435, 658, 995, 743, 819, 665, 507, 476, 924, 912, 762, 458, 
189, 844, 592, 840, 886, 412, 362, 930, 482, 827, 702, 356, 898, 159, 574, 302, 807, 625, 732, 672, 
338, 972, 361, 450, 916, 777, 149, 125, 652, 136, 278, 137, 992, 840, 196, 670, 598, 411, 855, 210, 
411, 110, 447, 663, 894, 614, 353, 672, 710, 312, 226, 558, 269, 201, 208, 676, 323, 828, 836, 100, 
718, 433, 777, 409, 984, 810, 543, 531, 594, 725, 882, 993, 279, 363, 562, 628, 508, 459, 699, 680, 
658, 278, 276, 413, 789, 270, 845, 998, 750, 794, 592, 862, 702, 903, 309, 846, 234, 456, 541, 201, 
979, 443, 843, 219, 183, 435, 541, 520, 441, 477, 142, 881, 847, 390, 340, 904, 809, 131, 636, 790, 
477, 358, 753, 522, 297, 212, 948, 124, 537, 499, 773, 911, 372, 917, 134, 640, 350, 150, 861, 466, 
316, 814, 336, 238, 746, 954, 695, 759, 825, 467, 705, 374, 247, 957, 198, 652, 451, 186, 332, 359, 
793, 138, 801, 482, 246, 526, 176, 840, 773, 183, 403, 210, 237, 480, 830, 585, 650, 595, 554, 694, 
750, 792, 436, 237, 404, 871, 917, 476, 626, 418, 287, 768, 771, 287, 960, 520, 220, 815, 647, 512, 
551, 756, 661, 420, 993, 915, 864, 361, 332, 180, 639, 510, 115, 547, 705, 707, 933, 992, 805, 838, 
973, 963, 166, 445, 371, 171, 930, 327, 271, 396, 920, 987, 881, 934, 104, 357, 660, 589, 107, 711, 
923, 163, 487, 233, 405, 175, 648, 685, 845, 363, 537, 807, 521, 706, 117, 252, 728, 365, 430, 985, 
322, 636, 262, 533, 962, 600, 676, 531, 492, 436, 617, 449, 496, 906, 206, 777, 351, 946, 893, 341, 
757, 437, 995, 741, 788, 795, 512, 193, 246, 655, 694, 372, 449, 708, 131, 490, 658, 280, 965, 376, 
836, 752, 711, 565, 118, 517, 148, 745, 638, 425, 696, 385, 720, 449, 437, 250, 578, 878, 883, 806, 
366, 210, 128, 315, 677, 944, 978, 606, 906, 251, 335, 615, 549, 335, 237, 986, 865, 289, 909, 526, 
301, 811, 437, 300, 919, 980, 233, 969, 442, 330, 822, 304, 655, 442, 781, 335, 853, 871, 779, 266, 
973, 700, 890, 892, 978, 939, 699, 908, 674, 894, 793, 366, 861, 434, 555, 106, 237, 394, 725, 754, 
348, 956, 677, 340, 158, 546, 814, 302, 938, 850, 269, 657, 996, 829, 682, 875, 916, 285, 225, 635, 
352, 748, 680, 335, 389, 416, 284, 564, 962, 199, 702, 514, 253, 360, 528, 769, 914, 163, 593, 482, 
511, 437, 982, 843, 710, 320, 134, 585, 745, 360, 806, 312, 676, 182, 793, 320, 505, 545, 714, 268, 
483, 382, 629, 115, 428, 741, 843, 919, 963, 849, 731, 590, 737, 919, 868, 424, 924, 569, 448, 433, 
629, 345, 692, 250, 753, 341, 334, 233, 650, 175, 667, 724, 287, 680, 640, 147, 398, 264, 349, 490, 
686, 103, 980, 366, 231, 614, 477, 804, 573, 186, 367, 282, 883, 252, 358, 436, 396, 685, 342, 542, 
415, 552, 249, 371, 931, 209, 420, 853, 534, 789, 372, 987, 390, 410, 640, 270, 625, 999, 783, 528, 
933, 757, 678, 923, 707, 557, 503, 128, 980, 586, 668, 635, 241, 156, 734, 557, 606, 532, 225, 661, 
665, 671, 455, 520, 556, 730, 647, 419, 104, 789, 451, 678, 877, 222, 411, 629, 886, 931, 457, 222, 
454, 759, 142, 989, 555, 797, 384, 834, 705, 590, 391, 396, 198, 367, 773, 807, 895, 139, 585, 952, 
236, 222, 210, 544, 717, 363, 636, 565, 187, 243, 138, 920, 129, 973, 698, 670, 465, 245, 920, 759, 
419, 543, 394, 496, 329, 961, 460, 499, 924, 692, 978, 560, 407, 903, 642, 849, 527, 742, 503, 652, 
231, 360, 960, 428, 753, 907, 917, 900, 704, 172, 890, 626, 709, 258, 486, 527, 935, 932, 874, 624, 
822, 593, 794, 293, 488, 932, 960, 193, 886, 303, 466, 997, 621, 712, 261, 593, 343, 686, 688, 386, 
480, 344, 538, 737, 538, 620, 262, 608, 979, 493, 900, 579, 206, 292, 309, 323, 332, 876, 968, 413, 
739, 972, 162, 996, 745, 656, 638, 362, 114, 550, 141, 929, 460, 823, 128, 699, 966, 993, 628, 679, 
642, 852, 751, 334, 459, 883, 943, 272, 113, 828, 162, 483, 232, 983, 699, 969, 144, 919, 984, 694, 
719, 119, 185, 179, 688, 870, 188, 288, 526, 120, 563, 336, 255, 981, 861, 931, 233, 511, 391, 158, 
155, 648, 266, 285, 581, 489, 361, 156, 842, 887, 781, 582, 241, 560, 704, 314, 501, 740, 570, 921, 
949, 627, 558, 100, 303, 847, 295, 917, 849, 300, 359, 347, 565, 823, 528, 970, 801, 453, 212, 154, 
678, 209, 106, 460, 169, 786, 722, 997, 778, 991, 286, 252, 500, 383, 247, 842, 317, 351, 509, 276, 
690, 385, 461, 333, 867, 874, 256, 462, 940, 688, 988, 578, 180, 633, 527, 230, 854, 724, 611, 812, 
424, 268, 208, 811, 314, 775, 404, 389, 881, 388, 851, 101, 849, 651, 887, 328, 574, 949, 618, 658, 
483, 550, 437, 536, 357, 771, 972, 170, 120, 216, 947, 167, 622, 958, 532, 793, 924, 233, 947, 727, 
400, 683, 361, 218, 177, 361, 103, 566, 946, 227, 141, 592, 150, 779, 847, 388, 772, 762, 797, 763, 
424, 648, 586, 559, 908, 467, 981, 770, 865, 702, 438, 796, 294, 728, 143, 297, 767, 697, 218, 204, 
693, 685, 811, 738, 791, 226, 618, 150, 201, 678, 482, 862, 753, 988, 224, 438, 439, 840, 973, 419, 
809, 642, 714, 786, 866, 807, 421, 377, 342, 745, 353, 223, 482, 263, 906, 139, 528, 724, 358, 763, 
109, 689, 731, 957, 636, 118, 800, 778, 119, 413, 514, 318, 293, 224, 788, 751, 772, 603, 415, 502, 
195, 978, 934, 522, 922, 229, 568, 215, 517, 785, 550, 285, 312, 157, 711, 482, 796, 632, 800, 406, 
471, 521, 942, 889, 988, 433, 814, 726, 784, 265, 304, 924, 685, 715, 630, 657, 283, 186, 691, 918, 
245, 100, 492, 566, 941, 179, 716, 304, 330, 906, 179, 506, 167, 797, 215, 223, 403, 937, 825, 771, 
764, 569, 126, 796, 340, 621, 357, 372, 913, 695, 801, 813, 437, 442, 583, 777, 644, 146, 729, 231, 
429, 662, 240, 651, 568, 969, 323, 916, 309, 947, 197, 234, 681, 954, 711, 212, 889, 740, 171, 868, 
811, 651, 480, 595, 884, 467, 770, 443, 390, 284, 425, 443, 658, 634, 161, 967, 117, 164, 408, 536, 
851, 324, 678, 819, 333, 793, 253, 706, 427, 167, 168, 832, 297, 479, 805, 104, 978, 870, 675, 378, 
398, 706, 278, 224, 712, 939, 260, 136, 438, 103, 411, 992, 136, 640, 496, 287, 364, 986, 930, 581, 
619, 571, 892, 939, 540, 699, 376, 248, 980, 868, 896, 320, 837, 399, 614, 867, 623, 704, 203, 297, 
812, 106, 864, 226, 576, 882, 986, 880, 464, 564, 320, 845, 764, 708, 759, 623, 159, 863, 758, 343, 
749, 121, 274, 192, 962, 609, 391, 231, 556, 442, 592, 342, 303, 856, 559, 360, 748, 851, 662, 572, 
152, 989, 925, 915, 826, 842, 597, 240, 995, 618, 301, 609, 318, 900, 226, 474, 509, 677, 587, 352, 
846, 373, 476, 619, 254, 435, 844, 613, 300, 995, 611, 386, 322, 418, 606, 209, 574, 820, 373, 660, 
335, 609, 854, 371, 546, 194, 610, 402, 103, 979, 279, 366, 326, 669, 947, 765, 565, 248, 631, 781, 
279, 405, 529, 267, 590, 874, 516, 321, 276, 935, 137, 285, 651, 880, 357, 960, 133, 671, 795, 300, 
684, 350, 567, 353, 699, 145, 805, 439, 185, 574, 488, 297, 597, 459, 723, 917, 520, 175, 269, 678, 
535, 694, 139, 566, 272, 834, 573, 644, 244, 779, 393, 681, 275, 791, 975, 562, 366, 966, 526, 552, 
381, 147, 511, 599, 439, 642, 479, 694, 565, 370, 402, 384, 819, 419, 181, 810, 338, 340, 628, 231, 
211, 145, 692, 812, 488, 266, 391, 548, 434, 707, 462, 243, 570, 868, 120, 597, 388, 357, 551, 841, 
225, 738, 651, 879, 401, 708, 101, 884, 708, 466, 809, 533, 969, 110, 688, 149, 348, 270, 791, 770, 
671, 662, 309, 633, 687, 969, 595, 674, 628, 550, 345, 826, 419, 657, 936, 376, 320, 109, 149, 101, 
126, 371, 156, 771, 886, 329, 521, 136, 666, 392, 815, 427, 854, 765, 171, 335, 820, 577, 411, 482, 
412, 486, 203, 837, 951, 129, 745, 158, 849, 683, 651, 339, 189, 252, 672, 864, 999, 371, 206, 605, 
606, 356, 759, 556, 154, 536, 396, 154, 474, 817, 234, 782, 760, 405, 878, 186, 674, 726, 486, 816, 
263, 638, 176, 756, 844, 729, 455, 776, 143, 452, 169, 349, 713, 678, 979, 198, 248, 105, 472, 509, 
369, 576, 622, 904, 327, 294, 502, 706, 963, 150, 994, 945, 570, 998, 401, 374, 720, 758, 359, 107, 
558, 168, 177, 106, 987, 373, 991, 402, 243, 818, 498, 412, 843, 108, 561, 718, 765, 626, 112, 284, 
239, 326, 467, 610, 679, 327, 380, 528, 600, 986, 566, 261, 117, 826, 242, 846, 107, 722, 370, 787, 
852, 500, 452, 331, 959, 127, 893, 831, 135, 148, 658, 596, 877, 253, 760, 784, 937, 576, 110, 615, 
848, 562, 414, 150, 260, 783, 947, 820, 709, 196, 350, 609, 218, 854, 716, 554, 786, 177, 724, 791, 
392, 590, 597, 274, 170, 986, 884, 644, 353, 173, 731, 217, 385, 529, 573, 491, 594, 843, 626, 472, 
142, 472, 994, 600, 954, 101, 120, 658, 755, 104, 648, 682, 229, 562, 429, 306, 593, 444, 281, 473, 
642, 160, 191, 172, 410, 596, 133, 203, 695, 821, 513, 967, 609, 950, 585, 761, 239, 341, 230, 610, 
339, 910, 954, 429, 637, 553, 898, 765, 806, 447, 985, 723, 585, 627, 814, 807, 476, 199, 947, 214, 
640, 282, 657, 956, 295, 430, 904, 930, 989, 517, 364, 730, 436, 300, 926, 858, 244, 266, 823, 518, 
522, 909, 554, 622, 361, 843, 667, 470, 654, 342, 959, 720, 308, 134, 451, 914, 439, 507, 192, 789, 
853, 590, 940, 626, 458, 573, 236, 307, 347, 586, 866, 381, 504, 608, 406, 466, 855, 723, 396, 397, 
965, 652, 873, 694, 776, 337, 593, 607, 962, 910, 143, 553, 146, 432, 291, 298, 500, 526, 252, 879, 
573, 877, 866, 498, 933, 385, 918, 228, 218, 464, 152, 416, 516, 526, 921, 174, 591, 558, 760, 519, 
134, 727, 550, 810, 421, 399, 757, 466, 278, 319, 234, 386, 355, 414, 335, 261, 872, 111, 930, 947, 
498, 910, 699, 708, 696, 192, 823, 310, 602, 950, 136, 256, 718, 245, 530, 924, 661, 554, 790, 771, 
725, 575, 934, 613, 689, 758, 132, 927, 806, 123, 571, 803, 152, 485, 140, 208, 712, 833, 931, 821, 
356, 144, 317, 148, 184, 749, 525, 592, 555, 546, 683, 344, 224, 216, 464, 278, 573, 845, 955, 830, 
634, 321, 927, 516, 263, 224, 957, 740, 824, 906, 717, 163, 637, 817, 607, 177, 492, 919, 304, 821, 
822, 303, 970, 469, 176, 423, 596, 111, 409, 259, 346, 336, 941, 865, 283, 442, 656, 912, 472, 716, 
709, 559, 449, 601, 194, 361, 186, 353, 687, 266, 595, 251, 718, 196, 795, 122, 332, 679, 994, 475, 
933, 499, 759, 528, 662, 414, 747, 778, 550, 381, 754, 208, 194, 771, 822, 433, 114, 416, 278, 136, 
496, 363, 754, 266, 532, 714, 816, 964, 596, 762, 645, 142, 844, 278, 552, 510, 685, 425, 151, 658, 
238, 506, 844, 337, 692, 983, 222, 501, 350, 897, 347, 440, 864, 750, 892, 618, 887, 293, 828, 913, 
657, 713, 235, 221, 814, 551, 130, 679, 947, 485, 722, 288, 675, 580, 228, 281, 698, 239, 528, 584, 
821, 405, 469, 406, 390, 694, 651, 736, 944, 512, 339, 411, 519, 504, 139, 226, 748, 428, 305, 881, 
103, 812, 782, 979, 822, 175, 399, 310, 661, 339, 243, 630, 516, 519, 227, 427, 118, 461, 262, 746, 
526, 900, 328, 249, 704, 202, 956, 743, 150, 359, 702, 622, 194, 816, 142, 283, 137, 574, 229, 511, 
812, 150, 100, 263, 558, 565, 883, 918, 917, 244, 385, 986, 530, 365, 425, 547, 623, 340, 483, 763, 
126, 176, 451, 329, 711, 741, 637, 953, 383, 642, 798, 997, 799, 437, 892, 176, 403, 881, 708, 151, 
902, 338, 635, 199, 347, 630, 829, 510, 529, 114, 505, 550, 487, 361, 525, 782, 562, 397, 769, 384, 
954, 627, 894, 266, 259, 259, 197, 736, 376, 287, 877, 350, 674, 597, 526, 161, 810, 796, 183, 796, 
136, 615, 736, 372, 270, 404, 544, 454, 240, 586, 693, 639, 478, 852, 285, 772, 576, 941, 728, 678, 
236, 217, 315, 164, 984, 606, 160, 361, 878, 447, 609, 823, 536, 332, 749, 870, 653, 813, 332, 867, 
757, 777, 992, 760, 456, 859, 743, 694, 585, 671, 186, 749, 244, 417, 687, 595, 937, 617, 399, 985, 
419, 510, 501, 562, 640, 753, 340, 722, 816, 742, 160, 871, 208, 533, 307, 487, 883, 629, 152, 896, 
706, 801, 665, 794, 627, 180, 831, 669, 852, 773, 565, 999, 498, 763, 832, 337, 945, 393, 102, 946, 
234, 889, 874, 933, 237, 415, 775, 134, 659, 633, 608, 998, 979, 978, 886, 666, 314, 181, 732, 865, 
302, 987, 739, 966, 346, 727, 118, 333, 297, 566, 685, 965, 887, 271, 493, 645, 309, 751, 990, 555, 
821, 349, 279, 808, 126, 579, 897, 794, 736, 273, 251, 419, 442, 162, 530, 594, 268, 741, 884, 716, 
195, 713, 430, 739, 756, 147, 716, 687, 407, 492, 305, 108, 901, 970, 644, 527, 452, 916, 602, 505, 
922, 424, 554, 188, 944, 940, 504, 128, 863, 519, 660, 248, 321, 377, 108, 969, 856, 258, 217, 660, 
628, 160, 300, 923, 234, 204, 525, 338, 983, 656, 701, 603, 971, 881, 886, 518, 937, 983, 554, 182, 
368, 426, 659, 372, 675, 828, 349, 925, 536, 624, 611, 187, 891, 368, 815, 303, 292, 702, 784, 817, 
895, 240, 685, 260, 583, 906, 203, 475, 560, 792, 632, 846, 954, 574, 865, 960, 141, 899, 572, 785, 
379, 317, 689, 511, 696, 931, 482, 589, 880, 201, 199, 560, 414, 164, 640, 124, 327, 240, 201, 618, 
842, 758, 750, 779, 425, 250, 606, 968, 989, 990, 625, 932, 938, 980, 388, 570, 596, 323, 857, 891, 
869, 112, 284, 151, 251, 323, 341, 848, 902, 506, 120, 755, 426, 142, 244, 813, 890, 127, 353, 276, 
604, 492, 415, 118, 196, 978, 953, 552, 395, 717, 160, 163, 899, 533, 264, 567, 567, 914, 891, 551, 
113, 370, 507, 555, 809, 796, 514, 516, 620, 257, 456, 385, 824, 898, 240, 536, 973, 386, 434, 831, 
579, 985, 599, 592, 680, 202, 876, 598, 945, 389, 388, 464, 395, 949, 356, 772, 570, 739, 280, 401, 
392, 603, 402, 118, 404, 195, 495, 616, 126, 626, 932, 377, 891, 790, 678, 974, 785, 675, 562, 166, 
746, 772, 219, 354, 389, 939, 334, 716, 241, 420, 325, 778, 213, 510, 659, 287, 953, 805, 327, 964, 
410, 532, 415, 309, 648, 997, 393, 109, 124, 722, 179, 974, 920, 542, 563, 558, 298, 215, 984, 986, 
303, 751, 227, 369, 796, 338, 466, 624, 958, 906, 417, 551, 746, 488, 736, 871, 796, 234, 495, 402, 
476, 821, 255, 619, 399, 484, 597, 521, 498, 366, 560, 570, 323, 572, 685, 965, 652, 890, 577, 885, 
164, 778, 934, 193, 593, 792, 349, 327, 959, 456, 570, 863, 686, 137, 130, 115, 802, 537, 786, 960, 
230, 396, 624, 976, 186, 658, 658, 395, 758, 919, 718, 115, 594, 799, 508, 506, 976, 218, 655, 197, 
912, 320, 220, 142, 465, 977, 452, 300, 261, 246, 956, 794, 502, 488, 982, 137, 827, 410, 968, 293, 
297, 725, 659, 245, 661, 171, 860, 883, 554, 522, 965, 226, 583, 174, 583, 858, 230, 898, 681, 969, 
497, 315, 260, 951, 324, 371, 248, 303, 431, 427, 161, 133, 713, 152, 614, 163, 524, 199, 374, 350, 
288, 142, 265, 140, 585, 501, 481, 439, 160, 804, 849, 470, 681, 276, 774, 727, 275, 789, 680, 152, 
769, 507, 242, 493, 759, 795, 104, 745, 331, 482, 523, 477, 941, 696, 318, 961, 414, 246, 968, 450, 
240, 775, 700, 939, 834, 328, 338, 363, 200, 965, 276, 879, 698, 908, 576, 159, 382, 891, 694, 355, 
179, 717, 873, 503, 505, 445, 760, 664, 616, 249, 986, 657, 585, 842, 753, 936, 595, 768, 780, 429, 
245, 773, 881, 104, 821, 554, 953, 619, 235, 795, 958, 982, 316, 532, 685, 204, 949, 136, 938, 810, 
790, 750, 440, 506, 215, 214, 506, 642, 820, 352, 756, 275, 726, 526, 779, 832, 830, 799, 490, 499, 
569, 940, 781, 832, 772, 714, 178, 465, 568, 758, 978, 117, 885, 816, 726, 508, 247, 750, 761, 792, 
186, 303, 250, 520, 822, 291, 666, 893, 734, 593, 163, 600, 705, 606, 455, 103, 834, 553, 330, 372, 
695, 183, 511, 727, 435, 348, 968, 483, 904, 952, 768, 346, 549, 306, 370, 520, 785, 778, 378, 805, 
324, 416, 108, 827, 462, 621, 148, 814, 999, 699, 948, 287, 297, 695, 312, 999, 392, 773, 514, 419, 
539, 537, 549, 948, 888, 345, 648, 740, 632, 812, 363, 207, 445, 314, 521, 555, 528, 292, 640, 306, 
489, 632, 592, 409, 274, 193, 134, 953, 223, 384, 204, 349, 375, 204, 538, 666, 295, 131, 879, 746, 
183, 232, 577, 727, 824, 793, 554, 800, 128, 272, 951, 441, 108, 829, 621, 574, 431, 622, 138, 225, 
816, 105, 774, 472, 869, 395, 877, 661, 551, 741, 717, 112, 820, 224, 320, 950, 606, 126, 155, 250, 
785, 797, 712, 369, 607, 634, 985, 459, 336, 605, 726, 112, 676, 588, 116, 828, 276, 771, 851, 440, 
151, 115, 773, 417, 133, 818, 732, 710, 190, 812, 232, 462, 924, 746, 497, 364, 926, 551, 791, 110, 
628, 152, 747, 460, 258, 984, 682, 561, 993, 700, 357, 106, 976, 257, 286, 709, 710, 894, 496, 605, 
620, 784, 649, 335, 204, 916, 221, 156, 854, 647, 474, 481, 811, 245, 153, 243, 703, 338, 319, 987, 
474, 770, 229, 650, 925, 198, 154, 612, 606, 678, 710, 682, 965, 238, 797, 736, 218, 583, 575, 193, 
534, 923, 164, 563, 358, 552, 980, 420, 766, 530, 865, 930, 318, 744, 280, 913, 914, 171, 799, 287, 
914, 508, 708, 277, 773, 365, 662, 576, 397, 898, 329, 781, 755, 739, 743, 252, 712, 451, 601, 339, 
992, 263, 451, 283, 819, 134, 402, 664, 744, 667, 906, 265, 689, 472, 236, 918, 478, 655, 654, 564, 
634, 634, 825, 414, 328, 654, 128, 184, 546, 536, 597, 436, 440, 178, 132, 945, 973, 534, 527, 556, 
898, 679, 652, 917, 591, 736, 548, 885, 835, 526, 511, 721, 992, 439, 585, 306, 714, 425, 591, 100, 
871, 579, 631, 272, 818, 807, 494, 852, 809, 582, 627, 732, 581, 195, 803, 821, 513, 146, 978, 815, 
209, 394, 927, 704, 971, 341, 703, 431, 824, 804, 129, 110, 295, 102, 606, 126, 591, 650, 543, 848, 
362, 631, 222, 992, 581, 199, 756, 725, 150, 162, 364, 999, 190, 240, 492, 908, 736, 851, 353, 212, 
418, 143, 232, 700, 667, 171, 466, 834, 870, 266, 248, 513, 128, 412, 303, 956, 732, 338, 663, 847, 
599, 726, 491, 485, 882, 140, 552, 465, 786, 390, 749, 734, 513, 285, 653, 393, 531, 499, 931, 720, 
588, 147, 906, 536, 776, 674, 676, 432, 860, 725, 572, 881, 387, 624, 851, 105, 576, 266, 184, 515, 
690, 929, 816, 363, 641, 674, 100, 581, 934, 381, 468, 996, 424, 351, 435, 708, 242, 809, 284, 153, 
737, 668, 223, 522, 546, 357, 281, 920, 376, 557, 652, 402, 515, 918, 786, 561, 280, 852, 409, 533, 
356, 458, 615, 567, 311, 660, 948, 457, 193, 325, 850, 670, 654, 306, 480, 942, 809, 172, 723, 740, 
311, 478, 253, 211, 666, 186, 603, 439, 701, 289, 243, 419, 682, 218, 122, 651, 700, 791, 485, 319, 
833, 973, 172, 391, 687, 940, 835, 945, 876, 598, 234, 267, 520, 161, 901, 560, 246, 280, 987, 933, 
785, 886, 988, 417, 695, 328, 115, 898, 559, 556, 746, 302, 535, 490, 788, 612, 697, 938, 839, 279, 
946, 111, 142, 756, 764, 733, 277, 479, 659, 854, 898, 467, 470, 507, 527, 174, 211, 470, 896, 939, 
441, 598, 219, 419, 870, 288, 984, 485, 327, 727, 270, 497, 655, 863, 586, 419, 790, 352, 417, 963, 
414, 781, 808, 722, 376, 711, 732, 446, 119, 806, 275, 430, 682, 922, 724, 520, 310, 462, 718, 619, 
274, 668, 763, 985, 672, 825, 684, 356, 991, 539, 552, 885, 482, 277, 697, 864, 906, 659, 834, 357, 
703, 144, 638, 484, 869, 399, 337, 995, 365, 653, 891, 541, 649, 317, 413, 441, 568, 378, 695, 956, 
314, 913, 508, 919, 740, 941, 788, 783, 448, 670, 495, 672, 618, 641, 650, 763, 742, 495, 794, 639, 
176, 617, 315, 867, 817, 594, 978, 264, 947, 550, 183, 994, 723, 120, 496, 847, 663, 318, 447, 758, 
243, 466, 865, 194, 820, 765, 283, 957, 358, 108, 290, 953, 821, 553, 910, 805, 293, 550, 836, 427, 
582, 152, 795, 537, 203, 709, 828, 452, 596, 200, 385, 889, 782, 925, 254, 431, 598, 532, 285, 777, 
456, 362, 847, 739, 275, 778, 341, 815, 178, 930, 596, 372, 749, 405, 949, 172, 818, 251, 403, 462, 
482, 859, 249, 197, 706, 527, 300, 195, 843, 237, 380, 819, 864, 351, 411, 811, 819, 988, 646, 113, 
986, 813, 559, 817, 319, 681, 775, 708, 118, 955, 883, 505, 602, 678, 137, 792, 606, 182, 332, 306, 
248, 825, 904, 272, 623, 161, 960, 348, 364, 790, 673, 804, 156, 972, 347, 681, 136, 427, 979, 242, 
474, 789, 754, 581, 467, 325, 183, 476, 163, 196, 638, 688, 704, 452, 597, 474, 561, 508, 888, 906, 
759, 442, 948, 883, 838, 147, 749, 360, 277, 640, 707, 863, 271, 353, 162, 367, 293, 546, 768, 468, 
436, 770, 503, 902, 839, 254, 447, 827, 757, 610, 657, 445, 219, 477, 438, 662, 936, 570, 241, 582, 
253, 100, 784, 142, 179, 342, 945, 606, 429, 931, 513, 376, 305, 439, 497, 183, 682, 582, 950, 182, 
707, 309, 785, 161, 325, 814, 319, 681, 839, 640, 427, 320, 977, 526, 111, 379, 322, 117, 136, 982, 
658, 657, 284, 200, 399, 864, 557, 635, 228, 432, 842, 279, 224, 446, 217, 191, 496, 747, 579, 565, 
186, 818, 639, 880, 260, 359, 162, 258, 403, 934, 924, 283, 897, 775, 254, 661, 801, 241, 107, 438, 
342, 350, 738, 714, 907, 728, 290, 877, 448, 589, 345, 860, 365, 964, 965, 712, 218, 283, 858, 819, 
114, 380, 827, 573, 333, 819, 675, 498, 276, 626, 635, 109, 588, 626, 396, 740, 172, 224, 966, 933, 
970, 728, 791, 136, 421, 665, 121, 599, 400, 894, 891, 959, 364, 272, 454, 649, 251, 967, 571, 642, 
275, 938, 252, 534, 332, 197, 346, 696, 253, 798, 634, 179, 813, 767, 795, 952, 410, 874, 115, 633, 
322, 203, 301, 661, 413, 558, 841, 250, 306, 615, 846, 947, 931, 930, 528, 807, 140, 282, 466, 209, 
667, 114, 810, 769, 866, 591, 751, 820, 211, 307, 847, 911, 899, 103, 600, 465, 899, 749, 916, 183, 
286, 504, 112, 553, 563, 613, 430, 595, 216, 747, 874, 366, 884, 595, 370, 200, 184, 363, 721, 876, 
348, 843, 313, 631, 519, 597, 312, 731, 856, 618, 199, 935, 480, 754, 989, 954, 508, 668, 378, 266, 
159, 834, 996, 104, 523, 834, 746, 473, 492, 897, 319, 809, 638, 859, 496, 103, 935, 906, 169, 411, 
328, 237, 806, 823, 979, 333, 409, 604, 821, 235, 523, 764, 273, 803, 538, 516, 257, 215, 198, 563, 
945, 215, 259, 166, 272, 627, 578, 538, 798, 694, 778, 242, 410, 674, 740, 872, 208, 656, 376, 474, 
238, 554, 507, 870, 831, 827, 477, 387, 173, 589, 113, 678, 872, 589, 438, 279, 802, 351, 329, 452, 
733, 641, 293, 450, 919, 228, 603, 147, 894, 517, 273, 660, 552, 956, 764, 471, 437, 458, 437, 120, 
512, 469, 837, 170, 263, 237, 260, 172, 457, 698, 647, 533, 759, 438, 505, 921, 717, 159, 154, 251, 
130, 825, 262, 710, 802, 910, 524, 155, 197, 796, 450, 143, 397, 467, 441, 728, 881, 557, 437, 489, 
889, 797, 890, 778, 536, 958, 585, 254, 623, 229, 441, 992, 743, 935, 173, 932, 713, 144, 137, 922, 
454, 684, 956, 868, 373, 186, 288, 278, 320, 530, 493, 262, 997, 443, 275, 449, 921, 121, 279, 346, 
539, 824, 443, 382, 130, 681, 288, 719, 528, 281, 384, 340, 613, 719, 307, 767, 563, 635, 536, 518, 
276, 111, 892, 880, 365, 593, 943, 820, 405, 994, 841, 375, 113, 465, 798, 406, 154, 548, 189, 386, 
808, 914, 837, 481, 952, 673, 495, 301, 179, 178, 335, 855, 982, 109, 910, 154, 898, 703, 264, 466, 
885, 422, 705, 979, 617, 468, 400, 554, 479, 563, 442, 804, 996, 995, 597, 558, 283, 597, 524, 812, 
550, 382, 127, 129, 633, 344, 231, 748, 315, 489, 131, 136, 584, 601, 141, 649, 573, 444, 170, 856, 
738, 871, 585, 868, 524, 472, 418, 890, 617, 129, 338, 274, 456, 540, 246, 989, 297, 712, 215, 114, 
621, 866, 532, 416, 435, 203, 402, 765, 450, 838, 393, 811, 530, 260, 199, 923, 737, 492, 585, 697, 
498, 246, 493, 242, 791, 244, 353, 521, 275, 528, 297, 965, 371, 147, 615, 264, 233, 347, 612, 195, 
506, 390, 307, 659, 692, 334, 376, 606, 266, 132, 174, 675, 975, 943, 316, 129, 641, 449, 904, 851, 
835, 453, 691, 595, 974, 872, 652, 478, 275, 838, 343, 163, 412, 635, 645, 277, 923, 808, 448, 478, 
596, 199, 489, 625, 363, 894, 853, 105, 102, 409, 412, 342, 412, 158, 584, 826, 553, 480, 975, 760, 
660, 287, 803, 282, 197, 342, 235, 647, 728, 247, 359, 918, 990, 698, 357, 881, 711, 488, 282, 124, 
893, 370, 679, 962, 642, 864, 307, 597, 616, 108, 176, 486, 188, 123, 948, 719, 901, 175, 829, 591, 
110, 562, 829, 326, 169, 461, 468, 925, 434, 924, 465, 733, 715, 512, 542, 920, 266, 307, 601, 672, 
492, 620, 138, 998, 860, 254, 674, 398, 850, 361, 639, 404, 473, 143, 818, 562, 400, 420, 833, 936, 
453, 288, 968, 132, 119, 212, 289, 758, 487, 267, 651, 204, 724, 847, 107, 618, 143, 336, 121, 395, 
859, 857, 801, 714, 326, 560, 430, 239, 871, 702, 828, 934, 551, 869, 337, 309, 709, 374, 104, 166, 
513, 103, 579, 331, 373, 414, 450, 900, 342, 836, 205, 378, 785, 119, 179, 761, 108, 965, 381, 855, 
351, 100, 216, 779, 848, 414, 590, 209, 274, 238, 598, 595, 218, 724, 222, 583, 654, 145, 898, 706, 
292, 703, 818, 368, 478, 830, 397, 854, 228, 956, 527, 336, 664, 733, 827, 704, 533, 709, 392, 598, 
885, 899, 441, 309, 911, 986, 193, 143, 932, 960, 305, 371, 434, 800, 459, 775, 470, 739, 971, 771, 
161, 611, 231, 925, 349, 155, 907, 576, 929, 591, 615, 430, 267, 358, 528, 808, 234, 188, 242, 919, 
518, 274, 485, 400, 603, 269, 574, 565, 708, 594, 740, 134, 252, 454, 207, 390, 594, 348, 238, 103, 
957, 976, 207, 848, 591, 107, 547, 896, 334, 448, 202, 835, 716, 836, 780, 603, 643, 900, 682, 893, 
924, 667, 242, 366, 444, 227, 634, 288, 612, 488, 254, 633, 608, 359, 160, 852, 785, 669, 245, 486, 
220, 559, 477, 212, 407, 989, 956, 962, 327, 961, 178, 200, 471, 997, 603, 563, 650, 112, 543, 725, 
626, 421, 652, 450, 743, 585, 442, 326, 258, 333, 496, 557, 339, 132, 651, 784, 995, 974, 638, 600, 
499, 638, 136, 384, 284, 289, 109, 562, 585, 942, 235, 403, 480, 617, 821, 378, 185, 342, 693, 815, 
206, 183, 266, 865, 740, 321, 348, 713, 762, 963, 246, 241, 333, 925, 602, 999, 716, 206, 906, 733, 
261, 596, 459, 377, 703, 213, 411, 346, 263, 601, 469, 614, 504, 866, 548, 802, 170, 763, 868, 514, 
151, 856, 424, 817, 244, 399, 233, 351, 102, 914, 868, 758, 763, 835, 201, 787, 175, 608, 527, 489, 
472, 611, 430, 743, 116, 427, 595, 501, 578, 473, 522, 523, 611, 852, 977, 933, 773, 819, 998, 906, 
366, 871, 257, 320, 238, 631, 494, 733, 259, 599, 737, 211, 808, 472, 947, 242, 491, 442, 781, 628, 
483, 916, 896, 201, 352, 144, 867, 463, 470, 586, 403, 448, 681, 433, 298, 539, 607, 504, 446, 936, 
835, 714, 301, 392, 868, 892, 470, 875, 692, 415, 479, 261, 133, 400, 585, 994, 762, 760, 182, 721, 
715, 588, 537, 751, 371, 790, 475, 780, 485, 721, 106, 135, 504, 309, 339, 813, 215, 730, 186, 995, 
468, 681, 185, 647, 685, 417, 228, 572, 516, 119, 708, 526, 523, 152, 460, 877, 874, 688, 864, 205, 
829, 727, 868, 162, 881, 103, 395, 396, 918, 723, 830, 204, 454, 773, 455, 870, 522, 202, 507, 226, 
406, 442, 852, 134, 310, 892, 908, 276, 553, 811, 334, 520, 190, 817, 733, 869, 135, 749, 972, 403, 
676, 822, 644, 668, 334, 686, 106, 754, 901, 540, 176, 168, 109, 445, 514, 378, 461, 565, 897, 922, 
617, 469, 346, 404, 156, 301, 481, 496, 717, 458, 672, 297, 921, 892, 278, 770, 845, 514, 875, 496, 
877, 695, 405, 103, 721, 739, 554, 456, 960, 610, 915, 679, 961, 904, 955, 669, 320, 729, 931, 539, 
731, 279, 814, 650, 926, 381, 793, 146, 339, 811, 965, 295, 375, 578, 968, 617, 216, 601, 459, 842, 
161, 245, 261, 625, 562, 185, 840, 535, 937, 537, 449, 351, 398, 416, 649, 238, 627, 777, 262, 461, 
386, 265, 271, 926, 882, 914, 782, 892, 896, 139, 475, 415, 850, 935, 977, 433, 518, 647, 377, 331, 
432, 775, 874, 371, 458, 677, 719, 174, 459, 287, 763, 661, 913, 893, 877, 799, 295, 907, 111, 827, 
305, 621, 372, 391, 583, 128, 682, 700, 645, 223, 862, 551, 264, 601, 690, 491, 698, 761, 926, 345, 
662, 264, 817, 620, 521, 307, 263, 166, 568, 408, 323, 878, 842, 914, 884, 394, 115, 379, 636, 205, 
174, 909, 254, 633, 962, 192, 752, 831, 526, 669, 296, 275, 177, 908, 292, 929, 137, 551, 264, 345, 
436, 450, 535, 789, 724, 883, 633, 749, 171, 597, 706, 452, 453, 829, 339, 916, 485, 903, 198, 595, 
935, 661, 651, 228, 243, 162, 160, 936, 670, 900, 650, 534, 521, 545, 433, 861, 118, 119, 268, 922, 
173, 502, 474, 269, 651, 206, 628, 517, 198, 935, 370, 812, 900, 764, 768, 472, 637, 955, 573, 914, 
978, 523, 839, 464, 923, 484, 850, 148, 776, 683, 702, 387, 416, 625, 294, 269, 987, 425, 488, 682, 
328, 240, 690, 529, 981, 367, 956, 747, 734, 727, 291, 217, 641, 156, 517, 403, 771, 709, 693, 392, 
267, 395, 165, 583, 626, 347, 399, 554, 198, 101, 617, 905, 375, 277, 452, 250, 459, 590, 477, 266, 
778, 429, 282, 231, 617, 263, 858, 131, 264, 301, 548, 328, 810, 239, 590, 295, 131, 228, 694, 150, 
935, 483, 869, 680, 136, 291, 629, 135, 894, 481, 824, 780, 614, 230, 858, 687, 957, 871, 400, 660, 
634, 999, 342, 640, 278, 762, 861, 273, 192, 575, 997, 804, 438, 747, 261, 941, 314, 338, 637, 900, 
233, 655, 113, 445, 790, 578, 242, 645, 755, 673, 233, 511, 750, 277, 943, 973, 294, 277, 126, 579, 
808, 178, 801, 853, 764, 165, 365, 128, 274, 754, 465, 914, 340, 353, 120, 121, 717, 565, 996, 785, 
159, 256, 814, 375, 512, 432, 230, 421, 630, 260, 825, 539, 639, 966, 906, 783, 521, 108, 850, 283, 
819, 722, 915, 367, 368, 218, 349, 509, 511, 666, 563, 708, 369, 673, 655, 948, 523, 603, 625, 274, 
311, 114, 222, 427, 522, 490, 392, 575, 964, 409, 706, 223, 554, 607, 828, 909, 112, 419, 528, 879, 
788, 902, 190, 937, 202, 740, 496, 434, 619, 744, 126, 371, 681, 976, 877, 315, 321, 544, 547, 398, 
269, 300, 254, 937, 546, 685, 392, 775, 993, 524, 976, 509, 498, 140, 103, 915, 794, 801, 401, 273, 
973, 921, 907, 208, 331, 846, 705, 481, 602, 137, 367, 607, 733, 909, 938, 552, 235, 447, 367, 353, 
246, 197, 111, 314, 558, 597, 236, 481, 896, 967, 330, 110, 456, 582, 350, 206, 705, 151, 220, 679, 
636, 888, 892, 314, 631, 923, 662, 964, 994, 730, 325, 260, 823, 465, 704, 682, 222, 801, 402, 352, 
312, 343, 631, 163, 608, 357, 749, 767, 700, 520, 689, 295, 925, 403, 870, 784, 191, 434, 458, 146, 
398, 686, 245, 359, 429, 121, 554, 737, 142, 460, 822, 741, 963, 132, 116, 822, 239, 416, 138, 725, 
263, 241, 207, 195, 305, 860, 193, 807, 530, 492, 313, 204, 288, 278, 353, 209, 520, 385, 387, 712, 
773, 829, 322, 781, 420, 736, 521, 882, 454, 883, 194, 695, 722, 234, 532, 510, 648, 423, 428, 225, 
912, 479, 113, 388, 139, 119, 912, 256, 534, 976, 821, 310, 903, 745, 511, 159, 376, 317, 573, 575, 
367, 528, 873, 949, 163, 450, 942, 681, 727, 402, 321, 905, 916, 940, 497, 849, 828, 201, 465, 232, 
230, 975, 534, 302, 557, 756, 869, 551, 302, 367, 862, 342, 285, 197, 903, 515, 215, 202, 615, 314, 
550, 951, 291, 567, 110, 918, 200, 311, 702, 795, 298, 791, 249, 130, 428, 239, 790, 993, 588, 957, 
191, 512, 235, 790, 689, 119, 892, 410, 496, 533, 913, 331, 624, 174, 633, 719, 711, 251, 884, 406, 
738, 286, 669, 979, 818, 248, 568, 570, 662, 397, 168, 729, 554, 306, 831, 770, 390, 269, 220, 772, 
609, 252, 397, 715, 157, 589, 252, 562, 790, 340, 299, 766, 283, 242, 284, 394, 878, 534, 875, 320, 
799, 560, 353, 144, 583, 466, 352, 736, 705, 372, 147, 827, 107, 431, 919, 594, 494, 490, 997, 178, 
864, 888, 963, 700, 985, 506, 421, 790, 427, 860, 631, 318, 562, 449, 863, 564, 359, 739, 156, 448, 
381, 228, 173, 190, 125, 602, 792, 900, 778, 621, 458, 413, 904, 421, 542, 787, 493, 140, 601, 178, 
145, 457, 777, 331, 145, 785, 190, 475, 809, 438, 560, 568, 999, 120, 574, 833, 520, 964, 718, 401, 
858, 208, 768, 294, 666, 468, 406, 875, 758, 814, 793, 155, 291, 822, 513, 131, 811, 196, 341, 920, 
682, 403, 877, 702, 178, 614, 437, 213, 563, 546, 194, 242, 509, 553, 172, 673, 755, 853, 509, 120, 
429, 716, 267, 907, 417, 683, 899, 230, 725, 493, 298, 760, 309, 341, 109, 456, 170, 916, 324, 512, 
211, 640, 944, 302, 415, 173, 552, 259, 863, 759, 868, 218, 493, 647, 708, 276, 720, 296, 355, 776, 
351, 702, 716, 513, 339, 385, 921, 712, 292, 718, 874, 300, 839, 465, 947, 833, 657, 767, 805, 646, 
997, 407, 127, 702, 803, 787, 976, 461, 851, 748, 225, 694, 487, 124, 694, 153, 139, 271, 801, 389, 
399, 157, 434, 500, 171, 278, 781, 291, 219, 512, 767, 552, 949, 809, 222, 574, 278, 696, 339, 578, 
778, 156, 480, 875, 267, 146, 110, 575, 294, 691, 365, 376, 480, 917, 994, 792, 420, 391, 181, 408, 
384, 768, 354, 884, 664, 576, 613, 480, 874, 213, 477, 135, 419, 167, 418, 619, 427, 466, 146, 163, 
106, 672, 453, 335, 122, 830, 488, 513, 677, 719, 171, 385, 604, 271, 586, 202, 401, 749, 288, 167, 
916, 195, 778, 997, 411, 194, 130, 662, 402, 697, 963, 189, 630, 771, 901, 304, 150, 871, 657, 617, 
391, 703, 238, 161, 832, 940, 230, 691, 408, 868, 463, 124, 291, 142, 670, 878, 976, 277, 463, 312, 
128, 895, 102, 314, 368, 740, 501, 118, 987, 865, 622, 818, 921, 819, 464, 948, 455, 108, 428, 753, 
515, 365, 574, 105, 328, 733, 560, 588, 849, 756, 895, 354, 410, 167, 705, 752, 144, 262, 273, 557, 
325, 752, 809, 115, 752, 167, 783, 362, 262, 787, 599, 618, 535, 607, 156, 280, 482, 801, 734, 386, 
391, 430, 592, 103, 220, 398, 229, 477, 363, 918, 560, 605, 693, 915, 255, 600, 279, 682, 129, 359, 
108, 868, 366, 333, 234, 687, 567, 780, 750, 850, 247, 924, 974, 200, 216, 186, 296, 356, 506, 448, 
352, 620, 704, 151, 783, 587, 940, 381, 786, 961, 192, 568, 349, 160, 703, 502, 795, 732, 358, 349, 
359, 271, 934, 139, 888, 326, 853, 134, 449, 684, 912, 545, 983, 771, 268, 353, 890, 180, 956, 127, 
642, 431, 722, 251, 778, 347, 820, 485, 119, 231, 472, 599, 838, 865, 541, 325, 911, 835, 216, 580, 
452, 343, 495, 140, 785, 212, 307, 945, 378, 754, 931, 856, 331, 950, 993, 150, 254, 528, 175, 730, 
757, 936, 647, 282, 450, 948, 818, 900, 171, 216, 946, 897, 747, 741, 183, 226, 402, 375, 138, 230, 
912, 744, 509, 382, 119, 171, 710, 272, 470, 452, 962, 606, 914, 931, 677, 487, 659, 916, 898, 199, 
811, 489, 505, 134, 514, 129, 412, 714, 261, 659, 406, 852, 687, 707, 274, 100, 265, 881, 865, 833, 
221, 679, 591, 772, 909, 727, 788, 545, 566, 912, 486, 182, 627, 170, 918, 206, 496, 476, 226, 108, 
942, 193, 709, 592, 239, 906, 685, 367, 438, 558, 914, 786, 236, 248, 844, 440, 315, 401, 690, 120, 
302, 625, 428, 297, 268, 938, 137, 169, 505, 962, 180, 332, 642, 533, 544, 136, 401, 822, 812, 989, 
793, 583, 537, 190, 310, 812, 682, 278, 287, 861, 360, 720, 704, 758, 917, 549, 330, 438, 838, 351, 
158, 146, 708, 798, 776, 303, 532, 342, 541, 583, 702, 532, 771, 632, 538, 540, 208, 375, 905, 447, 
865, 410, 530, 421, 571, 128, 385, 228, 495, 541, 889, 552, 266, 838, 113, 943, 745, 186, 615, 841, 
894, 761, 974, 814, 830, 640, 185, 474, 929, 617, 593, 721, 442, 313, 928, 208, 676, 367, 576, 248, 
398, 720, 386, 577, 914, 191, 378, 921, 796, 267, 470, 901, 764, 243, 162, 245, 513, 312, 402, 800, 
373, 797, 666, 206, 425, 538, 238, 700, 654, 483, 942, 644, 556, 175, 548, 969, 885, 308, 297, 914, 
633, 521, 161, 530, 856, 530, 436, 653, 745, 348, 373, 528, 173, 292, 120, 853, 943, 208, 272, 925, 
109, 867, 811, 741, 171, 370, 693, 844, 364, 335, 704, 185, 441, 529, 712, 273, 777, 170, 450, 124, 
638, 807, 241, 843, 864, 189, 363, 710, 107, 384, 734, 447, 618, 924, 655, 785, 231, 900, 360, 590, 
402, 601, 676, 558, 923, 827, 875, 349, 963, 322, 326, 863, 354, 619, 744, 438, 251, 425, 511, 509, 
478, 586, 488, 470, 984, 706, 822, 110, 771, 722, 212, 763, 751, 650, 802, 446, 768, 819, 158, 246, 
427, 995, 801, 435, 540, 237, 876, 872, 769, 480, 620, 107, 471, 265, 258, 770, 552, 708, 799, 239, 
915, 892, 811, 164, 436, 101, 276, 411, 248, 904, 664, 192, 441, 145, 687, 355, 925, 952, 227, 313, 
691, 318, 825, 611, 782, 239, 992, 228, 229, 111, 320, 716, 268, 393, 239, 460, 944, 859, 871, 143, 
317, 147, 591, 255, 116, 671, 637, 363, 659, 710, 775, 166, 588, 714, 404, 288, 828, 681, 997, 795, 
728, 339, 628, 209, 589, 842, 610, 294, 664, 771, 103, 785, 653, 776, 526, 139, 128, 558, 113, 387, 
474, 460, 266, 773, 468, 557, 143, 993, 708, 106, 811, 131, 356, 763, 306, 274, 151, 351, 658, 813, 
487, 135, 396, 969, 880, 778, 748, 289, 958, 198, 256, 176, 189, 345, 962, 888, 472, 651, 872, 467, 
839, 148, 825, 196, 130, 137, 516, 120, 649, 563, 981, 666, 906, 261, 818, 948, 773, 242, 699, 620, 
885, 302, 282, 769, 636, 607, 156, 494, 176, 811, 961, 407, 724, 412, 794, 295, 461, 558, 860, 613, 
292, 315, 801, 146, 212, 370, 845, 996, 628, 620, 777, 152, 122, 759, 346, 857, 304, 515, 969, 887, 
390, 602, 828, 570, 716, 598, 495, 266, 297, 441, 819, 275, 875, 379, 999, 982, 102, 901, 729, 679, 
322, 759, 544, 445, 484, 305, 318, 426, 328, 340, 811, 463, 425, 400, 559, 327, 418, 133, 337, 855, 
887, 276, 814, 882, 910, 886, 715, 773, 767, 735, 965, 116, 619, 505, 682, 731, 688, 288, 309, 876, 
565, 444, 551, 526, 494, 329, 691, 342, 487, 546, 582, 845, 582, 304, 811, 796, 862, 101, 253, 559, 
239, 340, 659, 679, 265, 163, 504, 779, 317, 739, 103, 601, 818, 224, 789, 953, 375, 792, 532, 935, 
626, 924, 287, 292, 199, 512, 615, 574, 447, 516, 469, 852, 815, 955, 958, 900, 127, 508, 446, 564, 
723, 335, 995, 315, 511, 604, 345, 355, 384, 674, 535, 978, 527, 125, 205, 157, 889, 434, 846, 389, 
759, 955, 151, 900, 626, 541, 717, 564, 318, 974, 105, 966, 159, 731, 927, 752, 121, 271, 103, 620, 
436, 938, 126, 636, 731, 863, 410, 706, 173, 779, 896, 272, 553, 705, 643, 160, 105, 202, 306, 542, 
740, 726, 771, 537, 444, 101, 209, 874, 972, 914, 270, 204, 947, 497, 778, 424, 865, 918, 671, 945, 
938, 414, 933, 607, 694, 951, 117, 791, 551, 790, 131, 297, 545, 127, 157, 901, 135, 659, 135, 525, 
407, 881, 748, 103, 502, 343, 403, 882, 506, 336, 816, 249, 640, 609, 469, 370, 936, 272, 936, 825, 
532, 368, 478, 180, 468, 171, 739, 455, 251, 401, 603, 839, 954, 783, 964, 254, 885, 112, 224, 938, 
813, 891, 733, 534, 100, 585, 160, 158, 815, 782, 126, 466, 385, 881, 973, 396, 661, 512, 185, 665, 
185, 509, 123, 441, 958, 266, 569, 228, 614, 291, 443, 976, 235, 488, 370, 652, 677, 578, 702, 385, 
550, 718, 866, 822, 946, 256, 221, 238, 365, 370, 354, 305, 892, 805, 677, 844, 550, 499, 545, 869, 
879, 545, 931, 301, 399, 194, 266, 564, 428, 367, 867, 593, 881, 423, 667, 510, 686, 631, 835, 291, 
199, 331, 632, 318, 800, 861, 730, 147, 343, 789, 295, 897, 668, 285, 208, 571, 753, 274, 819, 232, 
280, 217, 406, 877, 533, 495, 663, 480, 909, 492, 105, 958, 772, 337, 666, 957, 434, 695, 218, 606, 
568, 534, 550, 264, 736, 473, 433, 404, 898, 392, 356, 894, 394, 100, 177, 621, 877, 935, 448, 258, 
924, 571, 560, 499, 675, 468, 492, 308, 490, 805, 221, 165, 177, 131, 835, 767, 540, 179, 944, 771, 
749, 472, 128, 189, 529, 472, 214, 462, 206, 571, 743, 107, 170, 982, 144, 594, 781, 166, 409, 433, 
527, 172, 427, 393, 935, 275, 367, 236, 770, 555, 419, 297, 907, 901, 877, 465, 250, 636, 431, 894, 
563, 494, 161, 664, 224, 683, 605, 983, 885, 765, 207, 162, 277, 551, 604, 141, 461, 492, 220, 845, 
821, 539, 648, 328, 323, 568, 741, 107, 684, 872, 942, 967, 709, 830, 440, 399, 461, 714, 539, 123, 
363, 301, 468, 502, 137, 951, 724, 288, 292, 931, 263, 801, 419, 573, 593, 970, 802, 420, 950, 569, 
799, 146, 349, 652, 987, 528, 845, 694, 757, 597, 914, 828, 912, 672, 201, 494, 838, 456, 307, 433, 
847, 615, 792, 320, 324, 686, 363, 878, 863, 439, 458, 449, 392, 932, 154, 109, 993, 807, 168, 232, 
425, 498, 241, 500, 943, 472, 111, 619, 912, 433, 345, 561, 899, 622, 527, 155, 733, 817, 843, 368, 
979, 167, 246, 514, 330, 219, 306, 750, 476, 645, 125, 769, 913, 130, 142, 898, 821, 726, 388, 298, 
128, 364, 273, 481, 803, 533, 948, 364, 541, 655, 623, 108, 505, 676, 291, 636, 714, 878, 629, 248, 
399, 919, 160, 465, 363, 588, 516, 167, 693, 589, 221, 221, 186, 539, 673, 926, 332, 188, 895, 113, 
412, 700, 872, 954, 381, 272, 423, 160, 179, 827, 291, 226, 979, 636, 841, 388, 530, 713, 934, 809, 
328, 214, 290, 554, 257, 998, 732, 115, 677, 626, 700, 369, 447, 831, 670, 187, 432, 421, 903, 232, 
562, 960, 669, 532, 415, 701, 464, 343, 923, 525, 846, 814, 505, 217, 968, 197, 709, 630, 413, 220, 
114, 816, 387, 672, 878, 514, 569, 306, 469, 151, 251, 778, 434, 489, 312, 302, 292, 682, 985, 873, 
697, 160, 146, 893, 396, 942, 353, 424, 283, 935, 458, 573, 304, 558, 408, 771, 471, 186, 833, 235, 
417, 428, 443, 621, 831, 872, 351, 292, 545, 407, 247, 726, 401, 565, 368, 514, 718, 332, 901, 348, 
714, 993, 581, 326, 890, 647, 538, 948, 297, 938, 170, 518, 187, 306, 651, 961, 630, 611, 357, 914, 
895, 739, 328, 290, 721, 637, 954, 765, 743, 560, 466, 354, 678, 899, 211, 252, 769, 177, 983, 961, 
489, 904, 928, 455, 744, 573, 639, 302, 802, 658, 310, 273, 845, 103, 459, 857, 877, 615, 161, 591, 
958, 661, 723, 297, 416, 662, 249, 245, 952, 869, 370, 405, 254, 833, 830, 967, 299, 151, 231, 753, 
856, 447, 966, 588, 583, 619, 831, 492, 424, 325, 418, 390, 367, 505, 708, 405, 504, 734, 405, 391, 
804, 578, 822, 312, 561, 321, 914, 132, 448, 550, 906, 293, 267, 752, 624, 339, 818, 206, 430, 329, 
850, 933, 795, 752, 826, 954, 417, 746, 217, 986, 800, 961, 740, 154, 885, 122, 184, 675, 455, 516, 
444, 351, 810, 341, 648, 501, 694, 158, 937, 113, 466, 446, 912, 655, 977, 652, 581, 432, 437, 657, 
599, 631, 530, 452, 960, 710, 101, 180, 931, 620, 772, 738, 919, 929, 274, 891, 142, 664, 127, 169, 
685, 620, 576, 554, 233, 689, 852, 154, 685, 201, 518, 416, 863, 265, 203, 942, 181, 957, 203, 833, 
241, 960, 363, 875, 855, 158, 261, 671, 462, 195, 450, 849, 653, 466, 457, 206, 573, 177, 224, 614, 
752, 879, 630, 473, 188, 232, 467, 241, 707, 237, 283, 837, 390, 774, 298, 657, 823, 504, 857, 415, 
219, 459, 532, 529, 154, 860, 231, 224, 758, 507, 533, 305, 506, 483, 643, 747, 955, 951, 578, 640, 
453, 151, 394, 384, 923, 363, 627, 538, 640, 235, 240, 865, 897, 399, 222, 265, 779, 570, 779, 906, 
681, 853, 967, 426, 762, 396, 647, 630, 847, 995, 240, 487, 391, 438, 646, 406, 983, 635, 904, 992, 
812, 580, 783, 963, 145, 712, 838, 197, 508, 995, 709, 751, 372, 297, 753, 729, 812, 995, 428, 623, 
545, 443, 260, 486, 377, 192, 844, 939, 951, 813, 766, 517, 727, 899, 419, 763, 978, 370, 549, 693, 
174, 768, 121, 431, 358, 168, 265, 254, 141, 788, 196, 860, 532, 228, 260, 997, 749, 610, 484, 960, 
970, 402, 953, 865, 824, 116, 370, 321, 449, 425, 960, 838, 556, 745, 443, 826, 604, 477, 282, 765, 
144, 914, 756, 583, 728, 458, 635, 933, 764, 652, 390, 348, 824, 454, 485, 742, 427, 850, 653, 595, 
241, 776, 889, 106, 255, 486, 627, 284, 509, 617, 559, 247, 405, 443, 804, 139, 286, 825, 388, 865, 
164, 437, 710, 255, 594, 665, 590, 110, 445, 786, 444, 219, 575, 540, 261, 495, 886, 710, 749, 594, 
138, 792, 566, 470, 825, 704, 896, 780, 657, 564, 937, 449, 641, 918, 752, 405, 696, 846, 572, 587, 
669, 772, 779, 731, 738, 340, 880, 792, 250, 802, 617, 683, 790, 218, 341, 900, 188, 796, 380, 531, 
766, 828, 668, 633, 437, 279, 783, 362, 981, 190, 879, 547, 144, 115, 954, 241, 518, 754, 458, 669, 
634, 241, 426, 915, 502, 762, 374, 820, 129, 277, 832, 486, 364, 145, 219, 917, 815, 931, 765, 595, 
901, 868, 199, 718, 929, 960, 489, 664, 940, 468, 346, 723, 307, 241, 434, 962, 509, 401, 455, 766, 
268, 236, 984, 847, 112, 594, 428, 826, 852, 720, 185, 675, 409, 998, 532, 214, 573, 311, 764, 689, 
459, 414, 178, 304, 756, 840, 424, 500, 379, 294, 621, 603, 378, 793, 364, 221, 433, 732, 416, 970, 
847, 447, 718, 546, 692, 446, 318, 140, 703, 668, 519, 970, 568, 578, 361, 386, 553, 578, 935, 642, 
385, 615, 989, 177, 914, 363, 892, 984, 451, 499, 243, 187, 509, 319, 174, 728, 370, 956, 776, 561, 
235, 330, 886, 409, 558, 650, 975, 164, 223, 424, 973, 374, 399, 546, 977, 794, 481, 363, 211, 320, 
527, 278, 582, 896, 276, 470, 347, 641, 201, 258, 468, 788, 734, 926, 724, 773, 426, 274, 379, 823, 
237, 542, 828, 490, 259, 655, 986, 713, 206, 301, 895, 653, 989, 734, 343, 142, 860, 561, 762, 813, 
374, 285, 529, 525, 316, 579, 551, 970, 463, 440, 575, 297, 156, 496, 689, 517, 308, 524, 556, 182, 
962, 884, 707, 608, 332, 315, 483, 759, 996, 755, 104, 877, 315, 596, 702, 400, 684, 782, 777, 280, 
766, 614, 941, 351, 387, 110, 969, 192, 687, 175, 739, 374, 908, 217, 538, 284, 252, 244, 402, 701, 
636, 742, 879, 836, 683, 822, 281, 862, 586, 219, 240, 155, 865, 381, 163, 198, 426, 939, 706, 153, 
938, 116, 827, 643, 524, 100, 238, 153, 246, 594, 439, 479, 417, 876, 992, 902, 103, 874, 560, 909, 
394, 206, 166, 784, 427, 668, 603, 177, 251, 871, 965, 882, 241, 401, 356, 207, 771, 832, 613, 323, 
513, 285, 648, 589, 758, 341, 903, 187, 970, 248, 380, 303, 797, 354, 249, 230, 514, 884, 534, 448, 
723, 756, 538, 694, 771, 664, 537, 801, 960, 274, 568, 743, 485, 849, 220, 487, 964, 954, 232, 180, 
781, 318, 994, 791, 631, 576, 731, 693, 562, 389, 805, 624, 324, 472, 609, 813, 376, 618, 660, 913, 
924, 350, 664, 831, 831, 333, 227, 881, 490, 291, 827, 203, 599, 402, 624, 874, 151, 144, 157, 245, 
304, 583, 706, 543, 385, 364, 786, 299, 269, 990, 788, 159, 278, 584, 619, 913, 551, 830, 144, 704, 
745, 728, 260, 158, 353, 305, 807, 874, 133, 429, 159, 930, 707, 649, 470, 195, 387, 503, 573, 752, 
565, 989, 328, 308, 919, 759, 214, 620, 780, 947, 797, 139, 384, 604, 131, 644, 510, 970, 623, 404, 
402, 896, 998, 665, 211, 420, 573, 163, 697, 730, 598, 545, 981, 103, 530, 779, 598, 224, 189, 488, 
290, 638, 880, 662, 219, 320, 464, 301, 770, 962, 624, 901, 934, 245, 824, 272, 418, 704, 303, 647, 
568, 777, 649, 753, 832, 431, 552, 687, 452, 426, 608, 321, 318, 869, 603, 869, 807, 944, 443, 146, 
598, 721, 174, 552, 219, 667, 550, 909, 233, 992, 420, 971, 835, 308, 573, 492, 671, 223, 496, 199, 
664, 375, 531, 868, 103, 188, 580, 812, 195, 572, 212, 625, 365, 435, 845, 269, 339, 155, 780, 175, 
130, 689, 496, 115, 482, 350, 444, 150, 649, 541, 172, 236, 138, 440, 306, 711, 285, 657, 405, 364, 
144, 627, 506, 432, 740, 939, 688, 785, 622, 765, 909, 543, 548, 378, 142, 848, 282, 964, 393, 651, 
518, 725, 169, 275, 263, 928, 545, 976, 573, 850, 812, 155, 233, 133, 323, 226, 558, 650, 661, 522, 
547, 312, 763, 151, 464, 393, 852, 725, 791, 302, 447, 796, 735, 600, 215, 185, 410, 437, 816, 254, 
643, 319, 246, 435, 727, 380, 517, 343, 628, 228, 163, 590, 279, 882, 757, 581, 253, 444, 557, 190, 
548, 783, 124, 983, 455, 966, 651, 717, 636, 732, 582, 782, 302, 738, 995, 943, 241, 582, 370, 919, 
785, 284, 474, 320, 132, 848, 999, 388, 424, 688, 664, 979, 209, 956, 634, 390, 767, 407, 423, 683, 
616, 605, 965, 462, 594, 417, 355, 340, 407, 420, 120, 867, 505, 607, 745, 868, 209, 689, 224, 792, 
224, 332, 127, 844, 951, 201, 182, 364, 762, 118, 156, 147, 874, 947, 812, 640, 568, 852, 366, 376, 
678, 937, 436, 902, 829, 733, 906, 142, 392, 811, 258, 193, 998, 461, 104, 466, 665, 325, 429, 622, 
565, 676, 718, 629, 287, 579, 462, 863, 467, 589, 776, 989, 453, 575, 943, 843, 433, 477, 595, 575, 
349, 247, 855, 759, 824, 107, 733, 508, 995, 901, 965, 186, 103, 605, 153, 238, 951, 953, 317, 887, 
708, 414, 309, 338, 553, 772, 627, 721, 659, 304, 393, 817, 801, 333, 729, 695, 453, 217, 960, 758, 
138, 533, 339, 622, 869, 141, 144, 704, 941, 181, 999, 636, 202, 496, 101, 739, 682, 160, 665, 197, 
286, 426, 593, 978, 819, 864, 450, 948, 967, 549, 674, 660, 738, 252, 923, 429, 557, 167, 289, 349, 
489, 110, 697, 610, 202, 218, 428, 196, 858, 740, 861, 208, 959, 762, 625, 821, 855, 465, 651, 466, 
146, 276, 908, 910, 926, 123, 321, 279, 434, 947, 427, 176, 308, 312, 687, 578, 823, 146, 541, 501, 
191, 640, 547, 631, 492, 653, 534, 298, 286, 228, 389, 941, 279, 453, 400, 797, 582, 838, 289, 684, 
626, 327, 602, 886, 361, 129, 874, 147, 185, 385, 838, 403, 437, 784, 343, 445, 633, 783, 404, 450, 
400, 972, 578, 265, 881, 978, 835, 327, 107, 689, 515, 360, 533, 929, 773, 993, 601, 795, 852, 933, 
305, 630, 158, 269, 435, 227, 233, 270, 929, 848, 399, 171, 671, 914, 599, 139, 372, 232, 705, 966, 
584, 395, 911, 196, 220, 258, 206, 839, 927, 575, 646, 752, 138, 115, 612, 491, 813, 290, 425, 362, 
364, 127, 887, 347, 362, 370, 384, 834, 742, 843, 914, 397, 346, 241, 181, 551, 822, 965, 575, 419, 
655, 365, 136, 696, 205, 525, 426, 749, 512, 221, 818, 285, 755, 145, 148, 249, 478, 815, 129, 458, 
344, 850, 606, 297, 780, 606, 320, 357, 171, 584, 734, 817, 890, 624, 898, 962, 829, 224, 766, 911, 
995, 632, 310, 508, 121, 905, 142, 441, 218, 958, 622, 763, 368, 374, 437, 360, 522, 904, 522, 186, 
772, 156, 309, 237, 352, 641, 232, 848, 299, 923, 141, 134, 607, 266, 516, 602, 215, 360, 497, 204, 
891, 503, 543, 765, 905, 551, 735, 104, 693, 641, 202, 246, 761, 476, 237, 508, 775, 371, 898, 764, 
674, 279, 904, 665, 911, 295, 451, 878, 956, 710, 225, 476, 895, 353, 432, 260, 912, 628, 107, 867, 
765, 689, 267, 218, 409, 282, 430, 412, 654, 196, 315, 385, 710, 932, 781, 235, 188, 393, 953, 223, 
433, 467, 873, 219, 946, 937, 888, 277, 784, 666, 271, 415, 360, 750, 419, 888, 120, 559, 881, 887, 
758, 262, 997, 495, 604, 197, 977, 203, 469, 490, 952, 590, 669, 222, 471, 748, 807, 119, 569, 251, 
846, 841, 118, 628, 853, 822, 620, 514, 635, 975, 352, 560, 745, 281, 647, 451, 848, 743, 772, 678, 
871, 451, 874, 340, 589, 316, 522, 499, 230, 359, 194, 358, 693, 340, 747, 912, 369, 101, 856, 627, 
861, 741, 184, 211, 259, 759, 996, 512, 305, 446, 754, 325, 660, 235, 833, 906, 147, 101, 605, 100, 
880, 408, 338, 778, 422, 268, 272, 129, 219, 213, 473, 596, 207, 250, 161, 112, 691, 534, 402, 409, 
303, 366, 323, 369, 323, 636, 474, 859, 906, 476, 873, 163, 644, 423, 207, 428, 995, 905, 811, 925, 
960, 912, 476, 691, 216, 910, 311, 888, 885, 506, 879, 248, 707, 942, 555, 585, 494, 372, 197, 207, 
424, 822, 495, 261, 959, 451, 495, 598, 811, 315, 761, 206, 238, 986, 865, 862, 232, 972, 169, 486, 
738, 609, 373, 505, 448, 727, 398, 937, 161, 795, 830, 434, 729, 267, 273, 849, 876, 106, 691, 950, 
768, 605, 727, 299, 185, 385, 964, 856, 632, 974, 213, 274, 462, 501, 282, 226, 594, 352, 679, 881, 
797, 286, 930, 493, 217, 183, 928, 975, 703, 198, 344, 819, 466, 400, 491, 285, 712, 255, 689, 465, 
164, 257, 466, 744, 787, 675, 103, 633, 710, 198, 304, 757, 221, 225, 707, 606, 486, 257, 685, 407, 
861, 899, 860, 609, 374, 403, 410, 166, 451, 205, 384, 549, 774, 820, 624, 776, 596, 818, 989, 616, 
532, 393, 916, 398, 209, 820, 801, 675, 397, 458, 178, 370, 858, 147, 108, 401, 559, 863, 184, 136, 
151, 142, 985, 908, 577, 601, 994, 871, 186, 551, 386, 873, 663, 609, 802, 355, 318, 574, 646, 399, 
952, 665, 452, 842, 353, 676, 312, 605, 157, 712, 657, 206, 711, 971, 420, 447, 554, 357, 494, 651, 
175, 122, 467, 139, 571, 265, 664, 836, 624, 460, 633, 586, 215, 507, 463, 357, 386, 614, 892, 615, 
442, 226, 381, 412, 484, 460, 277, 609, 392, 387, 246, 830, 799, 611, 396, 223, 797, 698, 872, 805, 
454, 974, 478, 617, 920, 260, 107, 906, 186, 559, 592, 522, 483, 328, 484, 446, 305, 605, 404, 510, 
272, 208, 187, 507, 809, 657, 133, 399, 744, 620, 244, 314, 352, 580, 693, 774, 170, 112, 956, 865, 
196, 301, 384, 790, 386, 791, 170, 721, 426, 633, 872, 170, 716, 680, 130, 238, 541, 837, 762, 357, 
152, 126, 906, 136, 279, 169, 213, 283, 634, 530, 325, 434, 112, 793, 932, 823, 426, 399, 155, 403, 
352, 605, 383, 881, 576, 979, 457, 400, 852, 719, 890, 484, 898, 657, 691, 166, 550, 933, 736, 703, 
783, 831, 808, 370, 315, 954, 424, 398, 112, 547, 826, 650, 639, 473, 927, 176, 470, 560, 569, 859, 
745, 170, 823, 108, 490, 701, 579, 488, 693, 358, 580, 570, 154, 774, 740, 716, 437, 865, 544, 561, 
351, 784, 485, 105, 725, 324, 590, 621, 293, 960, 602, 405, 113, 219, 188, 729, 371, 293, 159, 842, 
593, 194, 663, 920, 221, 441, 460, 436, 425, 906, 499, 198, 956, 366, 171, 504, 737, 671, 950, 862, 
763, 395, 241, 345, 227, 394, 841, 988, 317, 814, 489, 788, 982, 122, 323, 134, 624, 682, 594, 686, 
911, 653, 459, 568, 970, 832, 471, 500, 580, 362, 377, 774, 440, 592, 640, 211, 180, 318, 361, 591, 
441, 528, 746, 442, 943, 817, 761, 359, 438, 869, 332, 806, 716, 309, 282, 399, 306, 935, 379, 771, 
848, 672, 365, 114, 880, 696, 868, 992, 483, 980, 358, 356, 290, 842, 310, 845, 244, 557, 538, 514, 
303, 452, 584, 528, 571, 379, 258, 428, 110, 607, 929, 183, 853, 438, 139, 400, 213, 663, 768, 794, 
696, 396, 862, 938, 977, 213, 441, 320, 606, 576, 236, 629, 132, 261, 128, 673, 133, 726, 529, 126, 
765, 960, 171, 323, 754, 800, 579, 866, 296, 564, 594, 615, 696, 481, 167, 461, 717, 609, 270, 651, 
464, 610, 868, 368, 500, 673, 158, 816, 437, 983, 237, 972, 285, 685, 323, 635, 332, 621, 293, 543, 
627, 548, 473, 942, 182, 180, 591, 858, 927, 882, 811, 374, 943, 656, 438, 665, 356, 543, 636, 885, 
871, 674, 544, 484, 254, 759, 454, 915, 949, 866, 649, 471, 833, 879, 245, 815, 399, 169, 711, 831, 
658, 859, 947, 382, 578, 478, 610, 866, 211, 644, 175, 300, 976, 891, 875, 885, 589, 965, 368, 452, 
156, 427, 539, 794, 879, 137, 853, 362, 246, 484, 431, 522, 158, 485, 909, 689, 594, 468, 572, 482, 
545, 760, 659, 101, 976, 653, 714, 968, 109, 304, 317, 521, 683, 664, 183, 596, 164, 209, 459, 472, 
372, 396, 615, 646, 584, 147, 767, 397, 566, 745, 840, 133, 743, 954, 616, 617, 878, 345, 506, 999, 
834, 224, 961, 949, 546, 660, 393, 766, 185, 768, 494, 748, 512, 502, 552, 451, 687, 555, 504, 633, 
386, 462, 190, 975, 853, 672, 618, 399, 474, 979, 549, 884, 418, 285, 668, 691, 981, 168, 773, 395, 
277, 497, 465, 285, 514, 797, 324, 865, 988, 487, 675, 873, 631, 871, 321, 772, 358, 903, 745, 887, 
241, 266, 140, 366, 650, 694, 218, 888, 842, 835, 987, 950, 973, 897, 657, 170, 951, 310, 404, 449, 
378, 475, 813, 821, 228, 948, 295, 893, 878, 590, 953, 641, 642, 884, 966, 625, 184, 672, 431, 501, 
194, 807, 390, 102, 644, 312, 535, 772, 175, 129, 627, 138, 746, 964, 163, 902, 590, 704, 499, 376, 
566, 179, 706, 945, 821, 898, 441, 349, 747, 987, 203, 315, 895, 122, 568, 592, 126, 802, 665, 852, 
657, 374, 155, 504, 183, 715, 175, 459, 212, 779, 276, 967, 241, 807, 448, 572, 975, 683, 740, 399, 
396, 886, 842, 237, 248, 388, 627, 670, 756, 902, 796, 995, 685, 360, 171, 691, 513, 893, 910, 660, 
443, 275, 300, 649, 691, 618, 662, 280, 552, 665, 459, 902, 222, 798, 463, 895, 578, 939, 105, 918, 
974, 901, 348, 704, 868, 768, 323, 583, 133, 289, 872, 693, 614, 594, 933, 111, 342, 203, 810, 999,
